<step title="BackgroundTrace" date="2025-09-15T05:09:08.486" instance="e449f4" url="/api/zipdeploy" method="POST" >
  <step title="Updating shutdown sentinel last write time" date="2025-09-15T05:09:08.515" SemaphoreCount="7" /><!-- duration: 15ms -->
  <step title="LockFile &apos;C:\home\site\locks\deployments.lock&apos; acquired" date="2025-09-15T05:09:08.531" /><!-- duration: 0ms -->
  <step title="Creating temporary deployment" date="2025-09-15T05:09:08.546" /><!-- duration: 457ms -->
  <step title="Performing fetch based deployment" date="2025-09-15T05:09:09.081" >
    <step title="Fetching changes." date="2025-09-15T05:09:09.327" /><!-- duration: 16ms -->
    <step title="Starting LocalZipHandler" date="2025-09-15T05:09:09.362" /><!-- duration: 0ms -->
    <step title="Starting ExtractTriggers" date="2025-09-15T05:09:09.392" /><!-- duration: 14ms -->
    <step title="Before sending BuildRequestReceived status to /api/updatedeploystatus" date="2025-09-15T05:09:09.452" /><!-- duration: 0ms -->
    <step title="DeploymentManager.Deploy(id:8aa1314a3fae487bbdd46c84105b2740)" date="2025-09-15T05:09:09.500" >
      <step title="Collecting changeset information" date="2025-09-15T05:09:09.531" /><!-- duration: 47ms -->
      <step title="Updating submodules" date="2025-09-15T05:09:09.597" >
        <step title="Updating submodules." date="2025-09-15T05:09:11.046" /><!-- duration: 16ms -->
      </step><!-- duration: 1466ms -->
      <step title="Preparing deployment for commit id &apos;8aa1314a3f&apos;." date="2025-09-15T05:09:11.172" /><!-- duration: 31ms -->
      <step title="Determining deployment builder" date="2025-09-15T05:09:11.375" >
        <step title="Builder is RunFromZipSiteBuilder" date="2025-09-15T05:09:11.406" /><!-- duration: 17ms -->
      </step><!-- duration: 48ms -->
      <step title="Copying SSH keys" date="2025-09-15T05:09:11.473" /><!-- duration: 30ms -->
      <step title="Building" date="2025-09-15T05:09:11.533" >
        <step title="Skipping build. Project type: Run-From-Zip" date="2025-09-15T05:09:11.766" /><!-- duration: 20ms -->
        <step title="Skipping post build. Project type: Run-From-Zip" date="2025-09-15T05:09:11.846" /><!-- duration: 12ms -->
        <step title="Triggering recycle (preview mode disabled)." date="2025-09-15T05:09:11.937" /><!-- duration: 0ms -->
        <step title="Ignoring FS watcher based recycle request as this is a classic Windows app." date="2025-09-15T05:09:11.957" /><!-- duration: 11ms -->
        <step title="Deployment successful. DEPLOYMENTINFO: deploymentPath = ZipDeploy. Run from package., deployer = GITHUB_ZIP_DEPLOY, os = windows, sku = Basic, siteName = kiz-albumviewer-api, siteHostName = kiz-albumviewer-api.azurewebsites.net, deploymentStatus = Success" date="2025-09-15T05:09:12.062" /><!-- duration: 16ms -->
      </step><!-- duration: 751ms -->
    </step><!-- duration: 2799ms -->
    <step title="Cleaning up temp files" date="2025-09-15T05:09:12.300" /><!-- duration: 0ms -->
    <step title="Updating C:\home\data\SitePackages\packagename.txt with deployment 20250915050906.zip" date="2025-09-15T05:09:12.315" /><!-- duration: 484ms -->
    <step title="Skip function trigger and logicapp sync because function is not enabled." date="2025-09-15T05:09:12.817" /><!-- duration: 14ms -->
  </step><!-- duration: 3843ms -->
  <step title="LockFile &apos;C:\home\site\locks\deployments.lock&apos; released" date="2025-09-15T05:09:12.940" /><!-- duration: 16ms -->
  <step title="Deleting shutdown sentinel file" date="2025-09-15T05:09:12.987" SemaphoreCount="8" /><!-- duration: 0ms -->
</step><!-- duration: 4501ms -->
