<step title="BackgroundTrace" date="2025-09-15T05:21:07.182" instance="e449f4" url="/api/zipdeploy" method="POST" >
  <step title="Updating shutdown sentinel last write time" date="2025-09-15T05:21:07.229" SemaphoreCount="7" /><!-- duration: 16ms -->
  <step title="LockFile &apos;C:\home\site\locks\deployments.lock&apos; acquired" date="2025-09-15T05:21:07.245" /><!-- duration: 0ms -->
  <step title="Creating temporary deployment" date="2025-09-15T05:21:07.260" /><!-- duration: 49ms -->
  <step title="Performing fetch based deployment" date="2025-09-15T05:21:07.359" >
    <step title="Fetching changes." date="2025-09-15T05:21:07.639" /><!-- duration: 12ms -->
    <step title="Starting LocalZipHandler" date="2025-09-15T05:21:07.699" /><!-- duration: 30ms -->
    <step title="Starting ExtractTriggers" date="2025-09-15T05:21:07.792" /><!-- duration: 0ms -->
    <step title="Before sending BuildRequestReceived status to /api/updatedeploystatus" date="2025-09-15T05:21:07.858" /><!-- duration: 30ms -->
    <step title="DeploymentManager.Deploy(id:f18c2c2337e844b6a2e287322ee5eb7b)" date="2025-09-15T05:21:07.918" >
      <step title="Collecting changeset information" date="2025-09-15T05:21:07.968" /><!-- duration: 136ms -->
      <step title="Updating submodules" date="2025-09-15T05:21:08.120" >
        <step title="Updating submodules." date="2025-09-15T05:21:08.167" /><!-- duration: 0ms -->
      </step><!-- duration: 63ms -->
      <step title="Preparing deployment for commit id &apos;f18c2c2337&apos;." date="2025-09-15T05:21:08.245" /><!-- duration: 16ms -->
      <step title="Determining deployment builder" date="2025-09-15T05:21:08.292" >
        <step title="Builder is RunFromZipSiteBuilder" date="2025-09-15T05:21:08.307" /><!-- duration: 0ms -->
      </step><!-- duration: 32ms -->
      <step title="Copying SSH keys" date="2025-09-15T05:21:08.354" /><!-- duration: 63ms -->
      <step title="Building" date="2025-09-15T05:21:08.434" >
        <step title="Skipping build. Project type: Run-From-Zip" date="2025-09-15T05:21:08.495" /><!-- duration: 0ms -->
        <step title="Skipping post build. Project type: Run-From-Zip" date="2025-09-15T05:21:08.542" /><!-- duration: 0ms -->
        <step title="Triggering recycle (preview mode disabled)." date="2025-09-15T05:21:08.588" /><!-- duration: 0ms -->
        <step title="Ignoring FS watcher based recycle request as this is a classic Windows app." date="2025-09-15T05:21:08.588" /><!-- duration: 0ms -->
        <step title="Deployment successful. DEPLOYMENTINFO: deploymentPath = ZipDeploy. Run from package., deployer = GITHUB_ZIP_DEPLOY, os = windows, sku = Basic, siteName = kiz-albumviewer-api, siteHostName = kiz-albumviewer-api.azurewebsites.net, deploymentStatus = Success" date="2025-09-15T05:21:08.682" /><!-- duration: 0ms -->
      </step><!-- duration: 404ms -->
    </step><!-- duration: 921ms -->
    <step title="Cleaning up temp files" date="2025-09-15T05:21:08.838" /><!-- duration: 16ms -->
    <step title="Updating C:\home\data\SitePackages\packagename.txt with deployment 20250915052102.zip" date="2025-09-15T05:21:08.870" /><!-- duration: 79ms -->
    <step title="Skip function trigger and logicapp sync because function is not enabled." date="2025-09-15T05:21:08.967" /><!-- duration: 15ms -->
  </step><!-- duration: 1683ms -->
  <step title="LockFile &apos;C:\home\site\locks\deployments.lock&apos; released" date="2025-09-15T05:21:09.042" /><!-- duration: 0ms -->
  <step title="Deleting shutdown sentinel file" date="2025-09-15T05:21:09.042" SemaphoreCount="8" /><!-- duration: 16ms -->
</step><!-- duration: 1891ms -->
