<step title="Incoming Request" date="2025-09-15T05:09:06.280" instance="e449f4" url="/api/zipdeploy?isAsync=true&amp;deployer=GITHUB_ZIP_DEPLOY&amp;message=%7B%22type%22%3A%22deployment%22%2C%22sha%22%3A%2290387a3e334286a628aef89dfc13b162c4b5da6e%22%2C%22repoName%22%3A%22scubakiz%2FAzure-AlbumViewerVNext%22%2C%22actor%22%3A%22scubakiz%22%2C%22slotName%22%3A%22production%22%2C%22commitMessage%22%3A%22Test%20API%20workflow%3A%20Add%20deployment%20readiness%20message%5Cn%5Cn-%20Added%20console%20output%20to%20indicate%20API%20readiness%20for%20Azure%20deployment%5Cn-%20This%20change%20will%20trigger%20the%20API%20deployment%20workflow%5Cn-%20Tests%20Azure%20credentials%20for%20API%20App%20Service%20deployment%22%7D" method="POST" type="request" pid="6480,2,8" Transfer-Encoding="chunked" Content-Type="application/octet-stream" Authorization="Bea..." Cookie="ARRAffinity=e449f4958af486f02f43dfe120dcf1fa5feea3c78b154c4e26ee7bc9816eeba2;Path=/;HttpOnly;Secure;Domain=kiz-albumviewer-api.scm.azurewebsites.net; ARRAffinitySameSite=e449f4958af486f02f43dfe120dcf1fa5feea3c78b154c4e26ee7bc9816eeba2;Path=/;HttpOnly;SameSite=None;Secure;Domain=kiz-albumviewer-api.scm.azurewebsites.net" Host="kiz-albumviewer-api.scm.azurewebsites.net" User-Agent="GITHUBACTIONS_DeployWebAppToAzure_4421c648f53bc47d4928fe11e8f0e3afc37358520f62ffd5b1818ec97ebf38ac" X-ARR-LOG-ID="fb732b54-6a5a-4e20-b6de-acb47fe15558" CLIENT-IP="20.98.18.68:46080" X-SITE-DEPLOYMENT-ID="kiz-albumviewer-api" WAS-DEFAULT-HOSTNAME="kiz-albumviewer-api.scm.azurewebsites.net" X-Forwarded-Proto="https" X-AppService-Proto="https" X-Forwarded-TlsVersion="1.3" X-WAWS-Unencoded-URL="/api/zipdeploy?isAsync=true&amp;deployer=GITHUB_ZIP_DEPLOY&amp;message=%7B%22type%22%3A%22deployment%22%2C%22sha%22%3A%2290387a3e334286a628aef89dfc13b162c4b5da6e%22%2C%22repoName%22%3A%22scubakiz%2FAzure-AlbumViewerVNext%22%2C%22actor%22%3A%22scubakiz%22%2C%22slotName%22%3A%22production%22%2C%22commitMessage%22%3A%22Test%20API%20workflow%3A%20Add%20deployment%20readiness%20message%5Cn%5Cn-%20Added%20console%20output%20to%20indicate%20API%20readiness%20for%20Azure%20deployment%5Cn-%20This%20change%20will%20trigger%20the%20API%20deployment%20workflow%5Cn-%20Tests%20Azure%20credentials%20for%20API%20App%20Service%20deployment%22%7D" >
  <step title="ZipPushDeploy" date="2025-09-15T05:09:06.469" >
    <step title="ZipDeploy. Run from package." date="2025-09-15T05:09:06.562" /><!-- duration: 31ms -->
    <step title="Starting PushDeployAsync" date="2025-09-15T05:09:06.640" /><!-- duration: 0ms -->
    <step title="Updating shutdown sentinel last write time" date="2025-09-15T05:09:06.906" SemaphoreCount="7" /><!-- duration: 0ms -->
    <step title="LockFile &apos;C:\home\site\locks\deployments.lock&apos; acquired" date="2025-09-15T05:09:06.952" /><!-- duration: 0ms -->
    <step title="Saving request content to C:\home\data\SitePackages\20250915050906.zip" date="2025-09-15T05:09:06.985" >
      <step title="Total 27,228,445 bytes written to C:\home\data\SitePackages\20250915050906.zip" date="2025-09-15T05:09:08.362" /><!-- duration: 0ms -->
    </step><!-- duration: 1420ms -->
    <step title="LockFile &apos;C:\home\site\locks\deployments.lock&apos; released" date="2025-09-15T05:09:08.421" /><!-- duration: 0ms -->
    <step title="Deleting shutdown sentinel file" date="2025-09-15T05:09:08.437" SemaphoreCount="8" /><!-- duration: 0ms -->
    <step title="Starting FetchDeploy" date="2025-09-15T05:09:08.452" /><!-- duration: 16ms -->
    <step title="Start deployment in the background" date="2025-09-15T05:09:08.486" /><!-- duration: 2529ms -->
  </step><!-- duration: 4562ms -->
  <step title="Outgoing response" date="2025-09-15T05:09:11.172" type="response" statusCode="202" statusText="Accepted" Server="Microsoft-IIS/10.0" x-ms-request-id="fb732b54-6a5a-4e20-b6de-acb47fe15558" Retry-After="30" Cache-Control="private" X-AspNet-Version="4.0.30319" Location="https://kiz-albumviewer-api.scm.azurewebsites.net/api/deployments/latest?deployer=GITHUB_ZIP_DEPLOY&amp;time=2025-09-15_05-09-11Z" /><!-- duration: 251ms -->
</step><!-- duration: 5192ms -->
