<step title="Incoming Request" date="2025-09-15T05:21:02.276" instance="e449f4" url="/api/zipdeploy?isAsync=true&amp;deployer=GITHUB_ZIP_DEPLOY&amp;message=%7B%22type%22%3A%22deployment%22%2C%22sha%22%3A%22a2cf796eb4ae51c6a1fbe5b5e06eee9189575a01%22%2C%22repoName%22%3A%22scubakiz%2FAzure-AlbumViewerVNext%22%2C%22actor%22%3A%22scubakiz%22%2C%22slotName%22%3A%22production%22%2C%22commitMessage%22%3A%22Fix%20API%20database%20connection%3A%20Support%20Azure%20App%20Service%20connection%20strings%5Cn%5Cn-%20Updated%20Program.cs%20to%20first%20check%20for%20Azure%20connection%20strings%20via%20GetConnectionString()%5Cn-%20Added%20fallback%20to%20app%20settings%20for%20local%20development%20compatibility%5Cn-%20Resolves%20HTTP%20Error%20500.30%20by%20ensuring%20proper%20database%20connectivity%5Cn-%20Uses%20DefaultConnection%20connection%20string%20set%20by%20Bicep%20template%22%7D" method="POST" type="request" pid="2452,2,9" Transfer-Encoding="chunked" Content-Type="application/octet-stream" Authorization="Bea..." Cookie="ARRAffinity=e449f4958af486f02f43dfe120dcf1fa5feea3c78b154c4e26ee7bc9816eeba2;Path=/;HttpOnly;Secure;Domain=kiz-albumviewer-api.scm.azurewebsites.net; ARRAffinitySameSite=e449f4958af486f02f43dfe120dcf1fa5feea3c78b154c4e26ee7bc9816eeba2;Path=/;HttpOnly;SameSite=None;Secure;Domain=kiz-albumviewer-api.scm.azurewebsites.net" Host="kiz-albumviewer-api.scm.azurewebsites.net" User-Agent="GITHUBACTIONS_DeployWebAppToAzure_4421c648f53bc47d4928fe11e8f0e3afc37358520f62ffd5b1818ec97ebf38ac" X-ARR-LOG-ID="9945b7ce-26a0-4e22-97b0-2e6eef674ae3" CLIENT-IP="20.109.38.160:9216" X-SITE-DEPLOYMENT-ID="kiz-albumviewer-api" WAS-DEFAULT-HOSTNAME="kiz-albumviewer-api.scm.azurewebsites.net" X-Forwarded-Proto="https" X-AppService-Proto="https" X-Forwarded-TlsVersion="1.3" X-WAWS-Unencoded-URL="/api/zipdeploy?isAsync=true&amp;deployer=GITHUB_ZIP_DEPLOY&amp;message=%7B%22type%22%3A%22deployment%22%2C%22sha%22%3A%22a2cf796eb4ae51c6a1fbe5b5e06eee9189575a01%22%2C%22repoName%22%3A%22scubakiz%2FAzure-AlbumViewerVNext%22%2C%22actor%22%3A%22scubakiz%22%2C%22slotName%22%3A%22production%22%2C%22commitMessage%22%3A%22Fix%20API%20database%20connection%3A%20Support%20Azure%20App%20Service%20connection%20strings%5Cn%5Cn-%20Updated%20Program.cs%20to%20first%20check%20for%20Azure%20connection%20strings%20via%20GetConnectionString()%5Cn-%20Added%20fallback%20to%20app%20settings%20for%20local%20development%20compatibility%5Cn-%20Resolves%20HTTP%20Error%20500.30%20by%20ensuring%20proper%20database%20connectivity%5Cn-%20Uses%20DefaultConnection%20connection%20string%20set%20by%20Bicep%20template%22%7D" >
  <step title="ZipPushDeploy" date="2025-09-15T05:21:02.729" >
    <step title="ZipDeploy. Run from package." date="2025-09-15T05:21:02.808" /><!-- duration: 93ms -->
    <step title="Starting PushDeployAsync" date="2025-09-15T05:21:03.044" /><!-- duration: 13ms -->
    <step title="Updating shutdown sentinel last write time" date="2025-09-15T05:21:03.326" SemaphoreCount="7" /><!-- duration: 0ms -->
    <step title="LockFile &apos;C:\home\site\locks\deployments.lock&apos; acquired" date="2025-09-15T05:21:03.354" /><!-- duration: 16ms -->
    <step title="Saving request content to C:\home\data\SitePackages\20250915052102.zip" date="2025-09-15T05:21:03.546" >
      <step title="Total 27,228,497 bytes written to C:\home\data\SitePackages\20250915052102.zip" date="2025-09-15T05:21:06.702" /><!-- duration: 11ms -->
    </step><!-- duration: 3574ms -->
    <step title="LockFile &apos;C:\home\site\locks\deployments.lock&apos; released" date="2025-09-15T05:21:07.120" /><!-- duration: 0ms -->
    <step title="Deleting shutdown sentinel file" date="2025-09-15T05:21:07.135" SemaphoreCount="8" /><!-- duration: 0ms -->
    <step title="Starting FetchDeploy" date="2025-09-15T05:21:07.167" /><!-- duration: 0ms -->
    <step title="Start deployment in the background" date="2025-09-15T05:21:07.167" /><!-- duration: 155ms -->
  </step><!-- duration: 4594ms -->
  <step title="Outgoing response" date="2025-09-15T05:21:07.370" type="response" statusCode="202" statusText="Accepted" Server="Microsoft-IIS/10.0" x-ms-request-id="9945b7ce-26a0-4e22-97b0-2e6eef674ae3" Retry-After="30" Cache-Control="private" X-AspNet-Version="4.0.30319" Location="https://kiz-albumviewer-api.scm.azurewebsites.net/api/deployments/latest?deployer=GITHUB_ZIP_DEPLOY&amp;time=2025-09-15_05-21-07Z" /><!-- duration: 19ms -->
</step><!-- duration: 5144ms -->
