{"TimeStamp":"2025-09-15T05:21:08Z","SiteName":"kiz-albumviewer-api","RequestId":"9945b7ce-26a0-4e22-97b0-2e6eef674ae3","Kind":"GITHUB_ZIP_DEPLOY","Status":"Success","Details":"{\"Id\":\"f18c2c2337e844b6a2e287322ee5eb7b\",\"Status\":4,\"StatusText\":\"\",\"AuthorEmail\":\"N/A\",\"Author\":\"N/A\",\"Message\":\"{\\\"type\\\":\\\"deployment\\\",\\\"sha\\\":\\\"a2cf796eb4ae51c6a1fbe5b5e06eee9189575a01\\\",\\\"repoName\\\":\\\"scubakiz/Azure-AlbumViewerVNext\\\",\\\"actor\\\":\\\"scubakiz\\\",\\\"slotName\\\":\\\"production\\\",\\\"commitMessage\\\":\\\"Fix API database connection: Support Azure App Service connection strings\\\\n\\\\n- Updated Program.cs to first check for Azure connection strings via GetConnectionString()\\\\n- Added fallback to app settings for local development compatibility\\\\n- Resolves HTTP Error 500.30 by ensuring proper database connectivity\\\\n- Uses DefaultConnection connection string set by Bicep template\\\"}\",\"Progress\":\"\",\"Deployer\":\"GITHUB_ZIP_DEPLOY\",\"ReceivedTime\":\"2025-09-15T05:21:08.057678Z\",\"StartTime\":\"2025-09-15T05:21:08.2766218Z\",\"EndTime\":\"2025-09-15T05:21:08.6989063Z\",\"LastSuccessEndTime\":\"2025-09-15T05:21:08.6989063Z\",\"Complete\":true,\"IsTemporary\":false,\"IsReadOnly\":true,\"SiteName\":\"kiz-albumviewer-api\",\"HostName\":\"kiz-albumviewer-api.scm.azurewebsites.net\",\"ProjectType\":\"Run-From-Zip\",\"VsProjectId\":null}"}