﻿<?xml version="1.0" encoding="utf-8"?>
<deployment>
  <id>f18c2c2337e844b6a2e287322ee5eb7b</id>
  <author>N/A</author>
  <deployer>GITHUB_ZIP_DEPLOY</deployer>
  <authorEmail>N/A</authorEmail>
  <message>{"type":"deployment","sha":"a2cf796eb4ae51c6a1fbe5b5e06eee9189575a01","repoName":"scubakiz/Azure-AlbumViewerVNext","actor":"scubakiz","slotName":"production","commitMessage":"Fix API database connection: Support Azure App Service connection strings\n\n- Updated Program.cs to first check for Azure connection strings via GetConnectionString()\n- Added fallback to app settings for local development compatibility\n- Resolves HTTP Error 500.30 by ensuring proper database connectivity\n- Uses DefaultConnection connection string set by Bicep template"}</message>
  <progress></progress>
  <status>Success</status>
  <statusText></statusText>
  <lastSuccessEndTime>2025-09-15T05:21:08.6989063Z</lastSuccessEndTime>
  <receivedTime>2025-09-15T05:21:08.057678Z</receivedTime>
  <startTime>2025-09-15T05:21:08.2766218Z</startTime>
  <endTime>2025-09-15T05:21:08.6989063Z</endTime>
  <complete>True</complete>
  <is_temp>False</is_temp>
  <is_readonly>True</is_readonly>
  <project_type>Run-From-Zip</project_type>
  <vsproject_id></vsproject_id>
</deployment>