﻿<?xml version="1.0" encoding="utf-8"?>
<deployment>
  <id>8aa1314a3fae487bbdd46c84105b2740</id>
  <author>N/A</author>
  <deployer>GITHUB_ZIP_DEPLOY</deployer>
  <authorEmail>N/A</authorEmail>
  <message>{"type":"deployment","sha":"90387a3e334286a628aef89dfc13b162c4b5da6e","repoName":"scubakiz/Azure-AlbumViewerVNext","actor":"scubakiz","slotName":"production","commitMessage":"Test API workflow: Add deployment readiness message\n\n- Added console output to indicate API readiness for Azure deployment\n- This change will trigger the API deployment workflow\n- Tests Azure credentials for API App Service deployment"}</message>
  <progress></progress>
  <status>Success</status>
  <statusText></statusText>
  <lastSuccessEndTime>2025-09-15T05:09:12.0942439Z</lastSuccessEndTime>
  <receivedTime>2025-09-15T05:09:09.5623646Z</receivedTime>
  <startTime>2025-09-15T05:09:11.3288282Z</startTime>
  <endTime>2025-09-15T05:09:12.0942439Z</endTime>
  <complete>True</complete>
  <is_temp>False</is_temp>
  <is_readonly>True</is_readonly>
  <project_type>Run-From-Zip</project_type>
  <vsproject_id></vsproject_id>
</deployment>